id,first_name,last_name,email,gender,ip_address
1,Curtice,Caldron,ccaldron0@hibu.com,Male,206.244.227.198
2,De witt,Finley,dfinley1@cloudflare.com,Male,178.192.234.22
3,Scarface,Alvarado,salvarado2@harvard.edu,Male,168.238.246.181
4,Joela,Pimer,jpimer3@goodreads.com,Female,219.67.129.163
5,Roxana,Pesik,rpesik4@slate.com,Female,192.11.243.215
6,Calida,Boycott,cboycott5@wordpress.com,Female,225.37.206.131
7,Aurore,Colman,acolman6@lycos.com,Female,242.67.82.124
8,Hakim,Kun,hkun7@usnews.com,Male,118.156.34.234
9,Felizio,Murt,fmurt8@shop-pro.jp,Male,154.238.247.93
10,Benton,Tootin,btootin9@woothemes.com,Male,135.43.204.74
11,Laura,Wallage,lwallagea@eepurl.com,Female,167.109.100.198
12,Dottie,Dewsbury,ddewsburyb@last.fm,Female,50.205.133.21
13,Arabela,Mityushkin,amityushkinc@google.co.jp,Female,33.85.157.5
14,Flory,Alders,faldersd@sitemeter.com,Male,115.169.4.213
15,Alfreda,MacMenamy,amacmenamye@mashable.com,Female,58.184.233.239
16,Ana,Verny,avernyf@google.es,Female,142.252.144.215
17,Olly,Pickance,opickanceg@bloglovin.com,Female,171.145.217.32
18,Liza,Swigg,lswiggh@barnesandnoble.com,Female,4.35.169.178
19,Phillida,Francesch,pfranceschi@github.io,Female,107.134.105.159
20,Dicky,Sayton,dsaytonj@indiatimes.com,Male,68.137.12.147
21,Kyla,Angrick,kangrickk@vistaprint.com,Female,239.12.91.112
22,Crysta,Duffrie,cduffriel@mtv.com,Female,222.194.240.1
23,Ibrahim,Ferney,iferneym@yandex.ru,Male,16.132.142.82
24,Alexandr,Fearns,afearnsn@ifeng.com,Male,85.186.241.119
25,Auroora,Borman,abormano@wsj.com,Female,189.156.129.42
26,Reinhard,Arrington,rarringtonp@unesco.org,Male,165.87.71.39
27,Duky,Rikkard,drikkardq@phoca.cz,Male,237.200.130.152
28,Derby,Will,dwillr@bloglovin.com,Male,211.17.48.107
29,Dunc,Migheli,dmighelis@kickstarter.com,Male,149.26.26.206
30,Izak,Snowball,isnowballt@yellowpages.com,Male,15.198.246.245
31,Melony,MacGinlay,mmacginlayu@uiuc.edu,Female,216.48.161.35
32,Gabey,Prinn,gprinnv@xinhuanet.com,Female,72.216.156.255
33,Cassius,Gowlett,cgowlettw@istockphoto.com,Male,246.211.21.155
34,Bartlet,Plane,bplanex@spiegel.de,Male,6.252.46.245
35,Hedvig,German,hgermany@amazon.com,Female,141.138.202.224
36,Rodge,Hardwicke,rhardwickez@timesonline.co.uk,Male,201.231.2.174
37,Edie,Domange,edomange10@jigsy.com,Female,127.36.132.17
38,Wakefield,Vispo,wvispo11@last.fm,Male,9.204.200.31
39,Mitchel,Capel,mcapel12@tamu.edu,Male,238.49.155.214
40,Dody,Kintish,dkintish13@answers.com,Female,62.88.249.254
41,Burke,Melin,bmelin14@webmd.com,Male,211.178.37.54
42,Sharleen,Nann,snann15@xinhuanet.com,Female,169.83.147.35
43,Micaela,Lemmens,mlemmens16@tuttocitta.it,Female,54.143.48.150
44,Teri,Killelay,tkillelay17@tripod.com,Female,173.246.197.4
45,Hedwig,Jacson,hjacson18@home.pl,Female,25.182.92.42
46,Drucill,Creggan,dcreggan19@japanpost.jp,Female,79.169.174.58
47,Nels,Antram,nantram1a@walmart.com,Male,234.154.188.254
48,Yalonda,Dartnell,ydartnell1b@studiopress.com,Female,159.189.74.173
49,Jilleen,Keyes,jkeyes1c@tamu.edu,Female,235.116.20.27
50,Elsinore,Bartholomaus,ebartholomaus1d@tinyurl.com,Female,8.50.108.83
51,Kessia,Porcher,kporcher1e@qq.com,Female,101.151.61.80
52,Adrianna,Jenkinson,ajenkinson1f@mozilla.org,Female,155.226.93.131
53,Fan,Del Monte,fdelmonte1g@xinhuanet.com,Female,69.97.84.105
54,Vidovik,Dusey,vdusey1h@dell.com,Male,193.222.162.6
55,Marsha,Temby,mtemby1i@paginegialle.it,Female,85.160.111.102
56,Jayme,Eickhoff,jeickhoff1j@narod.ru,Female,6.140.229.48
57,Ernaline,Pickavance,epickavance1k@blogs.com,Female,73.110.24.209
58,Gigi,Tosdevin,gtosdevin1l@amazon.co.jp,Female,42.67.112.57
59,Mayor,Fuzzey,mfuzzey1m@hubpages.com,Male,41.210.104.199
60,Brigitte,Meneer,bmeneer1n@answers.com,Female,119.175.187.41
61,Minda,Aslum,maslum1o@360.cn,Female,59.216.10.141
62,Brigid,Donke,bdonke1p@china.com.cn,Female,120.38.34.255
63,Regan,Bretland,rbretland1q@addtoany.com,Male,180.125.198.253
64,Ole,Michieli,omichieli1r@cloudflare.com,Male,198.104.115.160
65,Amalia,Boughen,aboughen1s@dion.ne.jp,Female,250.6.43.20
66,Roxane,Bucklan,rbucklan1t@tinypic.com,Female,172.139.228.97
67,Kip,Tuison,ktuison1u@vistaprint.com,Female,116.127.84.110
68,Bear,Cogman,bcogman1v@statcounter.com,Male,101.67.168.113
69,Javier,Lambotin,jlambotin1w@quantcast.com,Male,243.237.172.196
70,Cory,Amar,camar1x@diigo.com,Female,200.41.201.62
71,Dorelle,Janssen,djanssen1y@altervista.org,Female,67.80.91.15
72,Tina,Loch,tloch1z@google.de,Female,255.249.49.85
73,Dorie,Donoghue,ddonoghue20@sourceforge.net,Male,147.111.178.52
74,Talbert,Merill,tmerill21@japanpost.jp,Male,34.173.168.108
75,Ahmad,Beecheno,abeecheno22@hao123.com,Male,240.74.162.115
76,Edlin,Gobel,egobel23@diigo.com,Male,37.229.224.19
77,Tobie,Griffithe,tgriffithe24@independent.co.uk,Male,182.118.119.161
78,Fawn,Almack,falmack25@canalblog.com,Female,172.109.121.243
79,Justen,Blitz,jblitz26@ifeng.com,Male,143.87.166.197
80,Junina,Tivers,jtivers27@diigo.com,Female,62.125.248.156
81,Gerhardt,Navarre,gnavarre28@microsoft.com,Male,244.191.106.107
82,Beulah,Scarre,bscarre29@senate.gov,Female,82.112.177.94
83,Dinnie,Robinett,drobinett2a@timesonline.co.uk,Female,213.197.221.193
84,Dilan,Hazeldean,dhazeldean2b@tripod.com,Male,226.198.41.223
85,Dalton,Ellif,dellif2c@topsy.com,Male,206.38.230.66
86,Wilfred,Woodward,wwoodward2d@hatena.ne.jp,Male,231.138.189.189
87,Nellie,Bonifazio,nbonifazio2e@skype.com,Female,199.86.220.19
88,Manolo,Ferenc,mferenc2f@thetimes.co.uk,Male,68.209.157.179
89,Tucker,Meriot,tmeriot2g@blogtalkradio.com,Male,97.133.106.36
90,Brier,Madgin,bmadgin2h@merriam-webster.com,Female,26.109.246.30
91,Euphemia,Dulwich,edulwich2i@jimdo.com,Female,141.153.179.239
92,Irene,Kitchenman,ikitchenman2j@zdnet.com,Female,52.171.149.72
93,Avictor,Leither,aleither2k@businessweek.com,Male,49.134.7.225
94,Hashim,Bubear,hbubear2l@blog.com,Male,183.181.207.41
95,Ethan,Pulver,epulver2m@statcounter.com,Male,35.143.61.21
96,Fidel,Bayns,fbayns2n@cam.ac.uk,Male,22.241.85.52
97,Loydie,Cockerill,lcockerill2o@so-net.ne.jp,Male,99.119.6.169
98,Ozzie,Walsom,owalsom2p@samsung.com,Male,85.107.185.196
99,Claudio,Breissan,cbreissan2q@fc2.com,Male,250.34.26.71
100,Evangeline,Ick,eick2r@craigslist.org,Female,217.130.32.207
101,Darya,Fredi,dfredi2s@last.fm,Female,133.3.119.205
102,Dahlia,Goulding,dgoulding2t@jigsy.com,Female,21.161.94.73
103,Saunder,Knill,sknill2u@deliciousdays.com,Male,176.157.72.186
104,Mommy,Goghin,mgoghin2v@mail.ru,Female,73.60.178.39
105,Hillyer,Heustace,hheustace2w@census.gov,Male,84.107.153.202
106,Goldi,Killingworth,gkillingworth2x@cnbc.com,Female,206.212.220.107
107,Kylynn,Poulsom,kpoulsom2y@twitter.com,Female,91.86.144.50
108,Jacques,Otteridge,jotteridge2z@themeforest.net,Male,126.152.157.206
109,Algernon,Pollak,apollak30@squidoo.com,Male,229.125.2.14
110,Doretta,Cawthron,dcawthron31@chicagotribune.com,Female,111.26.37.165
111,Alfie,Jonson,ajonson32@booking.com,Female,56.99.72.71
112,Frayda,Edmott,fedmott33@ca.gov,Female,8.54.83.94
113,Brander,Hampton,bhampton34@wikimedia.org,Male,42.202.0.46
114,Lydon,Boddis,lboddis35@jimdo.com,Male,255.33.171.129
115,Mikaela,Gwyn,mgwyn36@biblegateway.com,Female,215.220.68.238
116,Izak,Parton,iparton37@uiuc.edu,Male,95.155.145.114
117,Nessy,Jeffes,njeffes38@live.com,Female,87.217.2.42
118,Brier,Felgat,bfelgat39@nature.com,Female,167.38.120.10
119,Doroteya,Bonus,dbonus3a@unesco.org,Female,220.176.168.77
120,Chrissie,Liddicoat,cliddicoat3b@ucla.edu,Female,138.135.52.181
121,Carter,Sollars,csollars3c@e-recht24.de,Male,215.76.86.220
122,Barrie,Byne,bbyne3d@vk.com,Male,147.250.168.154
123,Findley,Jeves,fjeves3e@home.pl,Male,117.230.148.54
124,Thorny,Jestico,tjestico3f@g.co,Male,77.208.2.125
125,Flore,Menhci,fmenhci3g@columbia.edu,Female,242.84.48.226
126,Nonna,McCaskell,nmccaskell3h@de.vu,Female,123.1.42.17
127,Zsa zsa,Tait,ztait3i@etsy.com,Female,102.177.214.50
128,Jerad,Pitkeathley,jpitkeathley3j@home.pl,Male,140.91.12.105
129,Beverley,Burkman,bburkman3k@huffingtonpost.com,Female,242.42.199.35
130,Sutherland,Tunsley,stunsley3l@hostgator.com,Male,195.253.82.185
131,Sauncho,Libreros,slibreros3m@is.gd,Male,171.235.216.220
132,Leontyne,Leahey,lleahey3n@topsy.com,Female,160.235.31.53
133,Loree,Brundill,lbrundill3o@dedecms.com,Female,241.166.188.71
134,Loleta,Shere,lshere3p@columbia.edu,Female,16.66.239.223
135,Loren,Millhouse,lmillhouse3q@cbslocal.com,Female,35.94.9.14
136,Jyoti,Casassa,jcasassa3r@delicious.com,Female,89.123.204.41
137,Leah,Gerlack,lgerlack3s@jugem.jp,Female,93.83.122.207
138,Taffy,Dulany,tdulany3t@furl.net,Female,7.99.232.64
139,Sheeree,Duckerin,sduckerin3u@about.me,Female,167.34.36.206
140,Berti,Robley,brobley3v@arstechnica.com,Male,154.50.117.248
141,Kaila,Seywood,kseywood3w@merriam-webster.com,Female,177.238.219.253
142,Dela,Benedit,dbenedit3x@cornell.edu,Female,249.14.159.62
143,Jacklyn,Brierly,jbrierly3y@ted.com,Female,99.213.157.114
144,Rogerio,Birkenhead,rbirkenhead3z@so-net.ne.jp,Male,59.96.88.17
145,Irvine,Okenden,iokenden40@alexa.com,Male,248.253.34.135
146,Everett,Nolan,enolan41@soundcloud.com,Male,198.93.136.206
147,Kacey,Tunno,ktunno42@mediafire.com,Female,171.118.12.52
148,Genevra,Itzchaki,gitzchaki43@mozilla.com,Female,9.107.126.20
149,Rolland,Stoter,rstoter44@list-manage.com,Male,195.96.111.161
150,Sigismondo,Hanwell,shanwell45@howstuffworks.com,Male,187.107.78.43
151,Randell,Eakly,reakly46@godaddy.com,Male,196.16.139.160
152,Ruthe,Robrow,rrobrow47@youtu.be,Female,72.129.207.180
153,Archie,Wellfare,awellfare48@gnu.org,Male,78.53.66.25
154,Lyssa,Karlicek,lkarlicek49@kickstarter.com,Female,82.53.246.201
155,Josephine,Obey,jobey4a@icio.us,Female,232.124.239.101
156,Boigie,Torry,btorry4b@cbc.ca,Male,28.241.137.104
157,Lanita,Goodby,lgoodby4c@aol.com,Female,181.161.148.11
158,Hyacinthie,Faivre,hfaivre4d@aboutads.info,Female,222.214.220.16
159,Randa,Blewett,rblewett4e@bigcartel.com,Female,96.121.186.156
160,Marlo,Polding,mpolding4f@wikimedia.org,Male,237.246.162.36
161,Talbert,Tzar,ttzar4g@g.co,Male,182.229.91.11
162,Emelina,Fulbrook,efulbrook4h@slideshare.net,Female,184.64.203.169
163,Meredith,Mildenhall,mmildenhall4i@bbb.org,Male,53.19.79.28
164,Cilka,Reuble,creuble4j@ameblo.jp,Female,59.107.49.200
165,Frieda,Ballister,fballister4k@miitbeian.gov.cn,Female,18.177.8.112
166,Brian,Borer,bborer4l@goo.gl,Male,193.200.170.25
167,Annemarie,Minillo,aminillo4m@issuu.com,Female,38.241.222.117
168,Christiana,Pownall,cpownall4n@mlb.com,Female,118.96.245.9
169,Clea,Maso,cmaso4o@indiegogo.com,Female,63.99.97.122
170,Dusty,Lammas,dlammas4p@imgur.com,Female,50.163.233.18
171,Calley,Biford,cbiford4q@yelp.com,Female,126.193.41.154
172,Sandra,Marsy,smarsy4r@cmu.edu,Female,11.150.136.237
173,Darin,Rozalski,drozalski4s@webmd.com,Male,178.98.38.28
174,Myrna,Abrahamowitcz,mabrahamowitcz4t@unicef.org,Female,36.211.163.19
175,Jorie,Doni,jdoni4u@istockphoto.com,Female,46.232.7.253
176,Sergio,Artus,sartus4v@github.com,Male,151.172.230.200
177,Davin,Staddom,dstaddom4w@fema.gov,Male,114.136.106.55
178,Hedwiga,Malarkey,hmalarkey4x@barnesandnoble.com,Female,128.74.30.205
179,Rosalyn,Sewill,rsewill4y@ca.gov,Female,141.10.53.147
180,Lindsey,Master,lmaster4z@bbc.co.uk,Male,201.211.242.88
181,Opalina,Crittal,ocrittal50@github.io,Female,221.59.50.131
182,Mirilla,Kilbourn,mkilbourn51@example.com,Female,66.6.248.141
183,Pattie,Mellers,pmellers52@privacy.gov.au,Female,137.133.167.209
184,Micky,Polden,mpolden53@apple.com,Male,231.150.9.29
185,Fields,Dallemore,fdallemore54@vistaprint.com,Male,115.20.86.147
186,Kimberly,Tommei,ktommei55@salon.com,Female,245.163.217.253
187,Zena,Poizer,zpoizer56@cargocollective.com,Female,236.165.113.69
188,Abba,Bidwell,abidwell57@storify.com,Male,3.195.31.152
189,Briant,Joynt,bjoynt58@clickbank.net,Male,4.48.114.237
190,Beniamino,Pratchett,bpratchett59@360.cn,Male,68.213.16.113
191,Milty,Perche,mperche5a@bravesites.com,Male,97.125.1.125
192,Jilly,Jakov,jjakov5b@friendfeed.com,Female,206.154.192.148
193,Milt,Bamling,mbamling5c@technorati.com,Male,15.13.112.72
194,Chantal,Heffer,cheffer5d@java.com,Female,140.19.37.12
195,Bern,Belham,bbelham5e@jimdo.com,Male,140.74.251.235
196,Pauly,Heffer,pheffer5f@soundcloud.com,Male,230.213.123.175
197,Averil,Cush,acush5g@behance.net,Male,254.246.118.213
198,Emlyn,Sharland,esharland5h@ucoz.com,Male,3.168.144.142
199,Gaultiero,Sisselot,gsisselot5i@google.es,Male,89.173.186.146
200,Marcelle,Trattles,mtrattles5j@msn.com,Female,240.179.118.186
201,Silvana,Clemmey,sclemmey5k@google.com,Female,109.194.107.39
202,Freeland,Dymidowski,fdymidowski5l@netscape.com,Male,76.101.83.43
203,Rosa,Dmytryk,rdmytryk5m@webmd.com,Female,65.114.123.251
204,Brita,Trussell,btrussell5n@cnet.com,Female,112.56.114.103
205,Adeline,Bockmann,abockmann5o@marketwatch.com,Female,203.104.41.255
206,Rorie,Traher,rtraher5p@xrea.com,Female,124.126.107.138
207,Daisy,Gabbatiss,dgabbatiss5q@feedburner.com,Female,118.42.118.231
208,Ethelind,Davey,edavey5r@mlb.com,Female,16.164.127.231
209,Max,Kapiloff,mkapiloff5s@google.ru,Female,64.118.199.194
210,Nomi,Corben,ncorben5t@imdb.com,Female,44.216.199.107
211,Maximo,Binny,mbinny5u@newsvine.com,Male,80.93.94.204
212,Radcliffe,Madgewick,rmadgewick5v@wordpress.org,Male,197.114.91.248
213,Marlie,Kither,mkither5w@uol.com.br,Female,53.235.167.246
214,Nessi,Mebs,nmebs5x@google.de,Female,132.43.134.61
215,Charita,Strettell,cstrettell5y@goo.ne.jp,Female,155.170.44.204
216,Erv,Parcell,eparcell5z@apple.com,Male,214.196.105.228
217,Elfrida,Mullins,emullins60@nsw.gov.au,Female,199.205.25.212
218,Sigismundo,Conville,sconville61@opensource.org,Male,44.98.75.151
219,Laurette,Arman,larman62@sun.com,Female,27.19.157.54
220,Peder,McKendo,pmckendo63@jalbum.net,Male,202.74.173.99
221,Perkin,Ridgeway,pridgeway64@yellowpages.com,Male,226.150.13.142
222,Briny,Rodrigo,brodrigo65@arstechnica.com,Female,246.160.36.188
223,Carney,Belloch,cbelloch66@chron.com,Male,68.94.26.140
224,Wat,Leathley,wleathley67@yellowpages.com,Male,223.64.24.67
225,Chevy,Beckhouse,cbeckhouse68@ezinearticles.com,Male,48.229.98.12
226,Dorolice,Gerardet,dgerardet69@stanford.edu,Female,139.171.61.227
227,Arvy,Quade,aquade6a@ca.gov,Male,141.65.59.9
228,Hewitt,Gillicuddy,hgillicuddy6b@state.gov,Male,4.82.147.236
229,Tamera,McKeating,tmckeating6c@noaa.gov,Female,90.42.7.144
230,Andie,Blind,ablind6d@ovh.net,Female,136.63.112.70
231,Wendeline,Sparkes,wsparkes6e@whitehouse.gov,Female,48.114.206.20
232,Rustin,Scoullar,rscoullar6f@bigcartel.com,Male,146.213.56.130
233,Erminia,Frankcomb,efrankcomb6g@fda.gov,Female,151.85.47.43
234,Wainwright,Laffan,wlaffan6h@blog.com,Male,209.15.193.36
235,Filmore,Stonham,fstonham6i@hud.gov,Male,89.180.158.153
236,Sibylle,Tudball,studball6j@cisco.com,Female,84.195.119.131
237,Gavrielle,Brewett,gbrewett6k@google.co.jp,Female,226.133.203.213
238,Yulma,Iaduccelli,yiaduccelli6l@go.com,Male,166.70.235.195
239,Osbert,Golsby,ogolsby6m@sourceforge.net,Male,26.135.28.58
240,Olia,Auchterlonie,oauchterlonie6n@msu.edu,Female,237.71.164.243
241,Tatiania,Dysart,tdysart6o@4shared.com,Female,164.30.254.242
242,Ricky,Healeas,rhealeas6p@miitbeian.gov.cn,Male,223.135.225.137
243,Francoise,Haselhurst,fhaselhurst6q@samsung.com,Female,94.116.107.184
244,Lorrayne,Beldom,lbeldom6r@joomla.org,Female,108.153.103.93
245,Elfrida,Lindeboom,elindeboom6s@php.net,Female,173.205.125.245
246,Cammie,Giddens,cgiddens6t@google.pl,Female,65.248.187.175
247,Derrick,Snufflebottom,dsnufflebottom6u@rambler.ru,Male,223.41.127.173
248,Shawnee,Heavy,sheavy6v@google.es,Female,17.211.249.2
249,Alasteir,Melley,amelley6w@godaddy.com,Male,183.146.4.183
250,Deirdre,Phelipeaux,dphelipeaux6x@zimbio.com,Female,129.233.223.198
251,Quentin,Audiss,qaudiss6y@google.cn,Female,179.35.166.91
252,Tabbi,Dowdell,tdowdell6z@dropbox.com,Female,63.207.4.70
253,Joaquin,Leverett,jleverett70@nbcnews.com,Male,69.125.214.72
254,Isa,McQuirter,imcquirter71@ed.gov,Male,18.147.143.133
255,Ellyn,Andriulis,eandriulis72@cdbaby.com,Female,3.104.242.113
256,Erv,Ascrofte,eascrofte73@uiuc.edu,Male,37.59.159.174
257,Bernardo,Lloyd,blloyd74@examiner.com,Male,59.70.122.195
258,Ingeberg,Delhanty,idelhanty75@smh.com.au,Female,215.197.62.9
259,Hendrik,Monget,hmonget76@networksolutions.com,Male,104.171.15.111
260,Mikaela,People,mpeople77@deviantart.com,Female,224.56.4.142
261,Horst,Tschirschky,htschirschky78@wiley.com,Male,171.226.232.64
262,Averill,Sowerby,asowerby79@google.fr,Male,197.13.118.201
263,Jerad,Milington,jmilington7a@canalblog.com,Male,131.11.184.199
264,Silvanus,Otson,sotson7b@answers.com,Male,2.140.72.218
265,Billie,Henrys,bhenrys7c@netscape.com,Male,232.51.114.69
266,Pavel,Strevens,pstrevens7d@fc2.com,Male,156.160.104.223
267,Fairfax,Mallinder,fmallinder7e@boston.com,Male,50.173.92.244
268,Oneida,Melton,omelton7f@shareasale.com,Female,153.195.63.107
269,Junie,Soggee,jsoggee7g@sogou.com,Female,95.169.183.235
270,Vaughn,Scoggan,vscoggan7h@wordpress.com,Male,175.34.79.174
271,Nan,Hanselmann,nhanselmann7i@mail.ru,Female,99.73.170.210
272,Joyce,Ludwikiewicz,jludwikiewicz7j@list-manage.com,Female,180.240.24.79
273,Sherill,Quilty,squilty7k@hubpages.com,Female,185.44.78.94
274,Shep,Popescu,spopescu7l@hc360.com,Male,109.235.150.21
275,Shayna,Vecard,svecard7m@pinterest.com,Female,158.37.214.169
276,Thaddus,Womersley,twomersley7n@goo.ne.jp,Male,154.59.228.213
277,Robinetta,McNay,rmcnay7o@hexun.com,Female,106.144.39.209
278,Sebastiano,Blackbourn,sblackbourn7p@youku.com,Male,116.122.128.135
279,Hiram,Mabbott,hmabbott7q@wikispaces.com,Male,190.86.193.212
280,Helge,Blei,hblei7r@simplemachines.org,Female,46.222.246.28
281,Julie,Heaford,jheaford7s@craigslist.org,Female,168.202.233.64
282,Vern,Maykin,vmaykin7t@zdnet.com,Male,234.28.166.102
283,Richard,Kilfedder,rkilfedder7u@reddit.com,Male,44.152.137.196
284,Hermy,Pickersail,hpickersail7v@t.co,Male,203.162.151.100
285,Laird,Dee,ldee7w@disqus.com,Male,21.209.125.136
286,Beilul,Virr,bvirr7x@mlb.com,Female,202.3.216.200
287,Lee,Scatchard,lscatchard7y@census.gov,Male,117.54.123.164
288,Shae,Goutcher,sgoutcher7z@newsvine.com,Female,61.66.30.22
289,Babita,Biggs,bbiggs80@joomla.org,Female,42.124.26.105
290,Elnore,Corradetti,ecorradetti81@cloudflare.com,Female,185.33.112.196
291,Dione,Bogace,dbogace82@bandcamp.com,Female,34.208.137.7
292,Laurena,Swindon,lswindon83@ca.gov,Female,21.123.19.51
293,Eada,Coxhead,ecoxhead84@dyndns.org,Female,194.86.154.81
294,Chelsey,Helkin,chelkin85@vistaprint.com,Female,135.9.61.120
295,Georgena,Gibben,ggibben86@admin.ch,Female,255.24.246.67
296,Annetta,Bowkley,abowkley87@twitpic.com,Female,17.177.106.81
297,Lyell,Sterte,lsterte88@thetimes.co.uk,Male,118.214.110.51
298,Dov,Paylor,dpaylor89@51.la,Male,77.198.167.141
299,Terrance,Gaule,tgaule8a@mediafire.com,Male,66.123.184.33
300,Trula,Kimbly,tkimbly8b@geocities.jp,Female,124.208.238.107
301,Thomas,Twelvetrees,ttwelvetrees8c@clickbank.net,Male,200.55.114.98
302,Elke,Helkin,ehelkin8d@webeden.co.uk,Female,162.17.242.242
303,Shae,Rowler,srowler8e@hao123.com,Female,95.243.57.168
304,Raynell,Tregenza,rtregenza8f@1688.com,Female,128.122.131.107
305,Lavinia,Janatka,ljanatka8g@list-manage.com,Female,53.217.38.250
306,Jefferson,Headingham,jheadingham8h@nps.gov,Male,228.247.57.176
307,Phillipe,Moyles,pmoyles8i@ed.gov,Male,193.218.97.44
308,Kettie,Morson,kmorson8j@gizmodo.com,Female,35.73.134.221
309,Bernete,Blann,bblann8k@thetimes.co.uk,Female,147.245.234.39
310,Annette,Colaton,acolaton8l@independent.co.uk,Female,81.63.10.97
311,Davidson,Webbe,dwebbe8m@rakuten.co.jp,Male,113.50.161.107
312,Roxine,Lambkin,rlambkin8n@google.nl,Female,194.169.234.248
313,Herbie,Kleinplatz,hkleinplatz8o@imgur.com,Male,180.137.134.152
314,Felike,Deny,fdeny8p@gizmodo.com,Male,80.242.182.164
315,Simmonds,Borrington,sborrington8q@nytimes.com,Male,90.28.216.60
316,Rafaela,Seeley,rseeley8r@elegantthemes.com,Female,145.30.28.197
317,Maryanne,Dewdney,mdewdney8s@alexa.com,Female,30.170.31.55
318,Penn,Pounder,ppounder8t@ca.gov,Male,244.241.251.92
319,Josselyn,Agass,jagass8u@skype.com,Female,103.114.133.148
320,Manuel,Van Oord,mvanoord8v@ifeng.com,Male,78.88.39.54
321,Fonsie,MacAlaster,fmacalaster8w@odnoklassniki.ru,Male,173.61.144.173
322,Thain,Esp,tesp8x@jiathis.com,Male,88.104.148.106
323,Cyrillus,Ansteys,cansteys8y@smugmug.com,Male,154.132.74.12
324,Robina,Peel,rpeel8z@wikipedia.org,Female,95.22.57.49
325,Torey,Spellard,tspellard90@about.com,Male,30.55.50.145
326,Keefer,Balmforth,kbalmforth91@ucoz.ru,Male,5.44.65.129
327,Louis,D'Agostini,ldagostini92@dion.ne.jp,Male,194.241.197.143
328,Katine,Dyer,kdyer93@deviantart.com,Female,81.206.12.186
329,Harriet,Ewles,hewles94@ibm.com,Female,36.194.73.5
330,Brigida,Goldspink,bgoldspink95@csmonitor.com,Female,10.183.25.9
331,Danna,Bimson,dbimson96@army.mil,Female,12.252.132.182
332,Mickey,Chalkly,mchalkly97@princeton.edu,Male,219.0.89.27
333,Andrus,Yeomans,ayeomans98@zimbio.com,Male,167.61.27.241
334,Putnam,Oliva,poliva99@stumbleupon.com,Male,88.2.163.232
335,Emmye,Helks,ehelks9a@studiopress.com,Female,131.46.61.1
336,Joane,Hawkin,jhawkin9b@cornell.edu,Female,215.229.125.132
337,Lissie,Hollyman,lhollyman9c@jalbum.net,Female,74.221.14.42
338,Salomone,Halgarth,shalgarth9d@etsy.com,Male,250.67.45.122
339,Rabbi,Calkin,rcalkin9e@pinterest.com,Male,160.33.129.153
340,Devin,Guppy,dguppy9f@mashable.com,Female,200.112.123.97
341,Paige,Dehmel,pdehmel9g@si.edu,Female,28.76.37.228
342,Jamil,Vickers,jvickers9h@pagesperso-orange.fr,Male,2.138.67.115
343,Neill,Reuther,nreuther9i@nba.com,Male,182.168.18.6
344,Nerita,Duny,nduny9j@forbes.com,Female,112.64.164.164
345,Sanderson,Andrusov,sandrusov9k@dell.com,Male,108.145.84.121
346,Diannne,Danson,ddanson9l@npr.org,Female,103.54.32.244
347,Doralynn,Spyer,dspyer9m@gov.uk,Female,47.75.237.13
348,Mattie,McLoughlin,mmcloughlin9n@vinaora.com,Male,109.193.192.64
349,Kristo,Gawthrop,kgawthrop9o@webnode.com,Male,63.161.123.247
350,Carlin,Gosney,cgosney9p@bluehost.com,Female,169.50.96.85
351,Al,Leyson,aleyson9q@flavors.me,Male,237.64.5.105
352,Shermy,Cattow,scattow9r@auda.org.au,Male,144.156.36.96
353,Rick,Blaksland,rblaksland9s@constantcontact.com,Male,187.53.123.211
354,Tony,Gheorghescu,tgheorghescu9t@washington.edu,Male,53.207.37.185
355,Kiel,Kiely,kkiely9u@issuu.com,Male,230.251.7.237
356,Sigismondo,Traite,straite9v@kickstarter.com,Male,13.68.222.59
357,Jackson,Jannasch,jjannasch9w@goo.ne.jp,Male,159.96.143.67
358,Danila,Stygall,dstygall9x@cpanel.net,Female,13.72.64.217
359,Lonnie,Witnall,lwitnall9y@loc.gov,Male,252.225.72.211
360,Zackariah,Neilands,zneilands9z@usgs.gov,Male,171.228.108.253
361,Allianora,Blachford,ablachforda0@berkeley.edu,Female,17.45.137.35
362,Selig,Bagniuk,sbagniuka1@free.fr,Male,36.159.191.13
363,Lukas,Noriega,lnoriegaa2@dion.ne.jp,Male,224.149.49.125
364,Dniren,McVie,dmcviea3@mayoclinic.com,Female,153.144.202.178
365,Angel,Perrottet,aperrotteta4@dion.ne.jp,Female,240.177.193.250
366,Emmie,Leathard,eleatharda5@imageshack.us,Female,59.94.25.13
367,Pamela,Schult,pschulta6@wp.com,Female,125.62.152.243
368,Brier,Attle,battlea7@photobucket.com,Female,111.28.45.123
369,Gareth,Ellice,gellicea8@blogspot.com,Male,104.228.47.54
370,Kimbell,Davidov,kdavidova9@time.com,Male,230.246.64.195
371,Tedman,Crispe,tcrispeaa@reference.com,Male,34.136.60.201
372,Gene,Dilland,gdillandab@taobao.com,Male,142.228.183.133
373,Philomena,Rapinett,prapinettac@dailymail.co.uk,Female,120.76.166.171
374,Mollie,Croster,mcrosterad@ycombinator.com,Female,215.84.151.10
375,Abbye,Voas,avoasae@myspace.com,Female,205.21.83.141
376,Abner,Gaskin,agaskinaf@businessweek.com,Male,120.26.234.224
377,Trescha,Whitrod,twhitrodag@163.com,Female,126.124.36.119
378,Basile,Alan,balanah@answers.com,Male,200.15.6.86
379,Renata,Redmond,rredmondai@amazon.de,Female,160.250.36.76
380,Aloin,Mallam,amallamaj@google.ca,Male,183.201.103.87
381,Sayre,Geraldo,sgeraldoak@vimeo.com,Male,55.74.226.225
382,Aeriela,Kilbey,akilbeyal@issuu.com,Female,206.228.24.91
383,Lennie,Oldacre,loldacream@multiply.com,Male,62.221.224.179
384,Yul,Shurrock,yshurrockan@state.tx.us,Male,2.131.3.28
385,Evelina,Mc Andrew,emcandrewao@noaa.gov,Female,246.236.6.91
386,Loralyn,Beake,lbeakeap@wordpress.org,Female,232.78.28.117
387,Broddie,Arlidge,barlidgeaq@xrea.com,Male,234.23.245.207
388,Aloisia,Stanistreet,astanistreetar@wp.com,Female,136.155.92.251
389,Erick,Ciccerale,ecicceraleas@phpbb.com,Male,104.97.127.140
390,Clair,Bambrick,cbambrickat@nationalgeographic.com,Female,108.166.222.248
391,Lester,Mooring,lmooringau@amazonaws.com,Male,83.248.41.12
392,Georgeanne,Keaton,gkeatonav@bloglovin.com,Female,23.116.204.209
393,Hilliary,Freen,hfreenaw@multiply.com,Female,29.122.195.141
394,Balduin,Loreit,bloreitax@live.com,Male,68.192.114.56
395,Morris,Ferruzzi,mferruzziay@craigslist.org,Male,198.239.68.53
396,Savina,Coots,scootsaz@shop-pro.jp,Female,46.28.38.57
397,Thorsten,Wilfling,twilflingb0@house.gov,Male,195.129.104.196
398,Roldan,Klaesson,rklaessonb1@creativecommons.org,Male,77.203.176.127
399,Cullin,Sumbler,csumblerb2@amazon.co.jp,Male,131.29.183.251
400,Darleen,St. Paul,dstpaulb3@answers.com,Female,164.42.156.46
401,Raynor,Granleese,rgranleeseb4@mozilla.org,Male,202.215.34.75
402,Tremayne,Nozzolinii,tnozzoliniib5@ft.com,Male,26.154.171.134
403,Regen,Kondratyuk,rkondratyukb6@multiply.com,Male,134.53.195.132
404,Ilise,Alberts,ialbertsb7@who.int,Female,80.251.199.77
405,Lorin,Gowanlock,lgowanlockb8@google.cn,Male,52.193.101.19
406,Wallas,Kennedy,wkennedyb9@prnewswire.com,Male,191.212.96.108
407,Georgianna,Willoughby,gwilloughbyba@theglobeandmail.com,Female,141.141.215.79
408,Dionis,Pickavant,dpickavantbb@naver.com,Female,63.210.169.83
409,Luciano,Golston,lgolstonbc@quantcast.com,Male,192.145.234.10
410,Cheri,Crumley,ccrumleybd@devhub.com,Female,214.104.36.3
411,Carole,Weymont,cweymontbe@csmonitor.com,Female,16.81.35.122
412,Bibi,Blockley,bblockleybf@about.me,Female,203.123.23.132
413,Johnathon,Essame,jessamebg@dion.ne.jp,Male,164.239.15.116
414,Damon,Yude,dyudebh@msu.edu,Male,125.163.209.44
415,Aile,Chilver,achilverbi@deliciousdays.com,Female,89.236.241.180
416,Gawen,Tylor,gtylorbj@xing.com,Male,71.177.37.234
417,Kirk,Challen,kchallenbk@harvard.edu,Male,12.85.143.22
418,Fawn,Zack,fzackbl@ask.com,Female,199.165.169.107
419,Hilliary,Maharg,hmahargbm@cdbaby.com,Female,195.172.204.191
420,Dido,Brumhead,dbrumheadbn@toplist.cz,Female,24.227.3.124
421,Thedrick,Wotherspoon,twotherspoonbo@tripod.com,Male,104.228.229.119
422,Brad,Gozzard,bgozzardbp@purevolume.com,Male,126.205.114.245
423,Cate,Garlee,cgarleebq@goo.ne.jp,Female,112.38.77.119
424,Desiree,Marrow,dmarrowbr@bigcartel.com,Female,228.66.32.25
425,Randall,Cornforth,rcornforthbs@cnbc.com,Male,18.86.150.134
426,Wolfie,Wareing,wwareingbt@deliciousdays.com,Male,223.160.171.209
427,Belia,Picopp,bpicoppbu@shutterfly.com,Female,241.31.164.234
428,Derick,Pond,dpondbv@constantcontact.com,Male,248.133.179.216
429,Gregoor,Martinie,gmartiniebw@e-recht24.de,Male,206.215.148.85
430,Dar,Provis,dprovisbx@nature.com,Male,13.203.9.123
431,Harlin,Castanares,hcastanaresby@wufoo.com,Male,164.41.176.180
432,Clem,Chander,cchanderbz@slate.com,Female,171.97.89.165
433,Sauveur,Coneley,sconeleyc0@clickbank.net,Male,66.138.1.134
434,Sheelah,Stubbins,sstubbinsc1@zdnet.com,Female,34.183.80.69
435,Aloysius,Boast,aboastc2@miitbeian.gov.cn,Male,72.173.62.72
436,Codee,Izachik,cizachikc3@springer.com,Female,229.175.15.87
437,Bancroft,Sustin,bsustinc4@salon.com,Male,14.218.17.33
438,Bear,Lyddyard,blyddyardc5@ucsd.edu,Male,24.221.15.18
439,Harlan,Reubbens,hreubbensc6@opensource.org,Male,114.245.111.83
440,Kim,Soro,ksoroc7@gizmodo.com,Male,26.230.68.162
441,Dicky,Pencot,dpencotc8@feedburner.com,Male,114.48.169.66
442,Emmalyn,Motto,emottoc9@seesaa.net,Female,18.208.160.198
443,Benton,Brosius,bbrosiusca@ebay.com,Male,221.29.0.201
444,Torrin,Tinan,ttinancb@cloudflare.com,Male,160.208.152.183
445,Lexine,Wallentin,lwallentincc@domainmarket.com,Female,171.151.23.160
446,Fayth,Sockell,fsockellcd@t.co,Female,238.161.131.251
447,Kristien,Schoroder,kschoroderce@w3.org,Female,199.232.200.240
448,Derry,Flaxman,dflaxmancf@pen.io,Male,250.107.237.92
449,Charles,Imore,cimorecg@umich.edu,Male,58.240.203.135
450,Ludovico,Echlin,lechlinch@yellowpages.com,Male,96.231.44.131
451,Any,Schrir,aschrirci@chron.com,Male,206.89.219.84
452,Calypso,Copestick,ccopestickcj@arizona.edu,Female,133.21.114.206
453,Wilma,Poller,wpollerck@go.com,Female,168.164.110.111
454,Gasper,Kilfeather,gkilfeathercl@edublogs.org,Male,89.215.224.60
455,Alecia,Hirsthouse,ahirsthousecm@1688.com,Female,161.155.241.16
456,Celie,Rolingson,crolingsoncn@booking.com,Female,15.255.14.122
457,Ally,Elen,aelenco@sina.com.cn,Female,115.92.53.95
458,Carolina,Miroy,cmiroycp@symantec.com,Female,220.48.171.114
459,Sapphira,Attenburrow,sattenburrowcq@cargocollective.com,Female,69.179.236.116
460,Aundrea,Novik,anovikcr@is.gd,Female,55.192.128.49
461,Farra,Coulthard,fcoulthardcs@ft.com,Female,101.193.226.236
462,Christoph,Brankley,cbrankleyct@google.es,Male,185.139.241.7
463,Nero,Scogings,nscogingscu@economist.com,Male,210.3.114.146
464,Barde,Vanes,bvanescv@state.tx.us,Male,215.254.209.219
465,Pamella,Sambrok,psambrokcw@nyu.edu,Female,183.60.20.137
466,Kippie,Szanto,kszantocx@wikispaces.com,Female,177.184.28.127
467,Geoffry,Howsego,ghowsegocy@usnews.com,Male,233.178.55.211
468,Myron,Bennet,mbennetcz@yelp.com,Male,114.136.224.83
469,Adolphe,Stallan,astalland0@plala.or.jp,Male,25.124.119.226
470,Cy,Severn,csevernd1@sfgate.com,Male,235.135.7.5
471,Ermengarde,Gauvain,egauvaind2@foxnews.com,Female,25.92.110.69
472,Costanza,Bonallack,cbonallackd3@alibaba.com,Female,174.56.105.244
473,Cati,Cuddy,ccuddyd4@nyu.edu,Female,160.152.87.96
474,Heather,Malinson,hmalinsond5@delicious.com,Female,163.78.168.92
475,Jonathon,Lowman,jlowmand6@tuttocitta.it,Male,112.42.11.78
476,Brina,Wadeling,bwadelingd7@ox.ac.uk,Female,236.137.177.115
477,Fair,Fendlow,ffendlowd8@wisc.edu,Male,118.100.164.162
478,Marcia,Bidnall,mbidnalld9@qq.com,Female,82.86.255.33
479,Roberto,Baff,rbaffda@microsoft.com,Male,175.131.213.13
480,Jard,Hurdman,jhurdmandb@gmpg.org,Male,178.57.80.168
481,Anselm,Whittlesea,awhittleseadc@cpanel.net,Male,110.51.81.92
482,Ninetta,Larimer,nlarimerdd@eventbrite.com,Female,72.48.224.99
483,Cullen,Henstone,chenstonede@psu.edu,Male,169.136.98.56
484,Michele,Feast,mfeastdf@shinystat.com,Female,80.123.207.202
485,Sandor,Mathouse,smathousedg@flickr.com,Male,196.32.252.17
486,Donica,Geke,dgekedh@theglobeandmail.com,Female,1.202.100.172
487,Eduard,Baiss,ebaissdi@squidoo.com,Male,3.121.66.148
488,Deeanne,Frushard,dfrusharddj@google.ru,Female,169.136.64.107
489,Valene,Curr,vcurrdk@stumbleupon.com,Female,18.199.25.86
490,Gerladina,Banaszewski,gbanaszewskidl@rediff.com,Female,107.35.41.143
491,Cordell,Whiteland,cwhitelanddm@4shared.com,Male,110.84.100.245
492,Jordan,Stefanovic,jstefanovicdn@arstechnica.com,Male,245.24.61.238
493,Pete,Montford,pmontforddo@cyberchimps.com,Male,40.0.192.45
494,Mortie,Andrzej,mandrzejdp@soup.io,Male,46.227.169.4
495,Percy,Dolle,pdolledq@washington.edu,Male,169.89.193.218
496,Carlye,Godbolt,cgodboltdr@accuweather.com,Female,23.226.0.4
497,Booth,Karpol,bkarpolds@over-blog.com,Male,82.102.126.127
498,Olivia,Huke,ohukedt@apple.com,Female,88.155.163.192
499,Margarete,Bawme,mbawmedu@cornell.edu,Female,138.221.231.235
500,Skipp,Edmonds,sedmondsdv@geocities.com,Male,40.220.162.220
501,Allianora,Carnelley,acarnelleydw@homestead.com,Female,122.212.181.122
502,Lauren,Correa,lcorreadx@comcast.net,Female,11.237.37.67
503,Anetta,Swancott,aswancottdy@kickstarter.com,Female,56.176.201.249
504,Jarret,Prazor,jprazordz@mapy.cz,Male,239.207.89.6
505,Rik,Garrals,rgarralse0@wunderground.com,Male,62.167.146.246
506,Charil,Everton,cevertone1@harvard.edu,Female,193.196.65.168
507,Stanleigh,Mattisssen,smattisssene2@google.it,Male,181.13.249.147
508,Richy,Gillinghams,rgillinghamse3@nytimes.com,Male,152.5.125.106
509,Ezra,Mafham,emafhame4@barnesandnoble.com,Male,87.66.94.162
510,Kyla,Yurtsev,kyurtseve5@newsvine.com,Female,36.10.134.202
511,Nolana,Ramel,nramele6@ebay.co.uk,Female,249.83.18.254
512,Brucie,Got,bgote7@aol.com,Male,12.97.177.230
513,Horatius,Colleford,hcolleforde8@github.io,Male,39.215.28.3
514,Melessa,Sammons,msammonse9@ovh.net,Female,73.18.232.27
515,Jyoti,Goucher,jgoucherea@cdc.gov,Female,28.166.32.112
516,Enrica,Bartholomew,ebartholomeweb@usnews.com,Female,15.250.160.211
517,Elinore,Whyffen,ewhyffenec@loc.gov,Female,113.70.151.195
518,Debbi,Stollenberg,dstollenberged@slideshare.net,Female,22.230.31.98
519,Kahaleel,Rapin,krapinee@sogou.com,Male,21.90.41.184
520,Granny,Gwilt,ggwiltef@apache.org,Male,115.147.237.140
521,Odell,Dabes,odabeseg@economist.com,Male,61.181.121.184
522,Gerick,Brun,gbruneh@gizmodo.com,Male,35.187.227.48
523,Tucker,Madill,tmadillei@stumbleupon.com,Male,246.234.78.38
524,Bobbe,Callear,bcallearej@umich.edu,Female,162.157.143.239
525,Janice,Langmead,jlangmeadek@imdb.com,Female,49.123.217.126
526,Paula,Obern,pobernel@jimdo.com,Female,141.157.49.52
527,Lydia,Algy,lalgyem@addthis.com,Female,42.231.61.81
528,Shermie,Ronci,sroncien@mtv.com,Male,148.97.208.194
529,Calida,Kindall,ckindalleo@tinypic.com,Female,199.187.203.215
530,Evered,Parzis,eparzisep@google.co.jp,Male,39.198.53.202
531,Erie,Nilles,enilleseq@digg.com,Male,6.137.211.136
532,Niko,Marcome,nmarcomeer@geocities.jp,Male,107.176.211.134
533,Erina,Warry,ewarryes@mediafire.com,Female,57.219.218.42
534,Michaelina,Cale,mcaleet@time.com,Female,34.208.124.44
535,Nert,Langlands,nlanglandseu@wunderground.com,Female,86.165.55.128
536,Eleanora,Camous,ecamousev@irs.gov,Female,173.220.246.8
537,Irwinn,Townsend,itownsendew@comsenz.com,Male,31.145.157.120
538,Gabbie,Bocock,gbocockex@cdc.gov,Female,96.50.50.250
539,Tammie,Gaskarth,tgaskarthey@g.co,Male,64.232.47.64
540,Hamlin,Eick,heickez@scribd.com,Male,100.51.96.61
541,Nessa,Hatterslay,nhatterslayf0@cargocollective.com,Female,235.247.139.180
542,Harbert,Teresse,hteressef1@cnet.com,Male,205.213.169.37
543,Washington,Beecheno,wbeechenof2@whitehouse.gov,Male,221.87.129.249
544,Rance,Hofton,rhoftonf3@bloomberg.com,Male,146.31.86.13
545,Errol,Jacks,ejacksf4@usda.gov,Male,229.66.133.150
546,Avram,McBeith,amcbeithf5@cyberchimps.com,Male,208.164.39.230
547,Ag,Holme,aholmef6@gov.uk,Female,177.150.157.155
548,Dori,Pahl,dpahlf7@yahoo.com,Female,46.215.189.178
549,Vanna,Mounch,vmounchf8@mediafire.com,Female,140.97.211.154
550,Giordano,Collough,gcolloughf9@usgs.gov,Male,155.60.253.217
551,Etan,Keenan,ekeenanfa@linkedin.com,Male,201.185.2.205
552,Fred,Byles,fbylesfb@accuweather.com,Female,89.66.70.245
553,Cooper,Chaldecott,cchaldecottfc@ftc.gov,Male,231.64.190.250
554,Hillel,Broxholme,hbroxholmefd@wix.com,Male,132.116.190.53
555,Barnabe,Ackroyd,backroydfe@businessweek.com,Male,14.52.80.246
556,Tito,Cockayme,tcockaymeff@ftc.gov,Male,117.115.253.180
557,Clerkclaude,Jozsa,cjozsafg@cbsnews.com,Male,182.54.144.4
558,Rafi,Hollindale,rhollindalefh@mac.com,Male,124.209.57.20
559,Jan,Hopkynson,jhopkynsonfi@china.com.cn,Male,167.111.188.214
560,Herb,Gulberg,hgulbergfj@addthis.com,Male,44.78.116.95
561,Erma,Bayles,ebaylesfk@google.co.uk,Female,14.189.251.193
562,Graham,Falkous,gfalkousfl@youku.com,Male,143.74.44.170
563,Marven,Oiller,moillerfm@t-online.de,Male,86.141.60.138
564,Griz,Isacoff,gisacofffn@jimdo.com,Male,40.162.55.204
565,Jennica,Stelljes,jstelljesfo@privacy.gov.au,Female,96.53.202.167
566,Caleb,Anstis,canstisfp@opera.com,Male,82.250.150.224
567,Abbey,Meenehan,ameenehanfq@blogtalkradio.com,Female,90.156.132.102
568,Christan,Zelake,czelakefr@privacy.gov.au,Female,52.231.230.88
569,Nikolos,Simonassi,nsimonassifs@symantec.com,Male,36.76.60.127
570,Dillie,Giblett,dgiblettft@ftc.gov,Male,244.125.13.173
571,Ange,Edger,aedgerfu@bravesites.com,Male,218.177.46.195
572,Abie,Rummings,arummingsfv@gov.uk,Male,227.239.91.57
573,Malcolm,Kinsell,mkinsellfw@deliciousdays.com,Male,111.35.126.232
574,Lonna,Hinnerk,lhinnerkfx@independent.co.uk,Female,216.27.5.160
575,Lynnelle,De Brett,ldebrettfy@bing.com,Female,122.193.87.227
576,Orville,Saffe,osaffefz@netscape.com,Male,214.98.181.179
577,Dilan,Minchenton,dminchentong0@sakura.ne.jp,Male,38.249.23.243
578,Francyne,Jowitt,fjowittg1@canalblog.com,Female,47.145.185.223
579,Temp,Greenrod,tgreenrodg2@illinois.edu,Male,141.247.205.231
580,Louisette,Grumbridge,lgrumbridgeg3@soundcloud.com,Female,33.171.242.183
581,Cassandre,McAteer,cmcateerg4@drupal.org,Female,182.32.190.206
582,Lorin,Lyst,llystg5@businesswire.com,Male,101.230.141.87
583,Florida,Westberg,fwestbergg6@examiner.com,Female,195.205.51.165
584,Bail,Langelaan,blangelaang7@businessinsider.com,Male,104.59.130.54
585,Mariel,Daouse,mdaouseg8@4shared.com,Female,19.179.97.92
586,Nikaniki,Gabits,ngabitsg9@cbc.ca,Female,224.191.168.8
587,Kit,Dossit,kdossitga@columbia.edu,Female,254.150.46.140
588,Ashien,Carreck,acarreckgb@biblegateway.com,Female,153.211.79.55
589,Mavis,Clelle,mclellegc@gnu.org,Female,212.251.18.189
590,Ive,Guitonneau,iguitonneaugd@tuttocitta.it,Male,12.182.236.145
591,Tate,Johansen,tjohansenge@elegantthemes.com,Male,215.182.196.202
592,Franky,Maddinon,fmaddinongf@huffingtonpost.com,Male,55.13.126.33
593,Malinda,Braidon,mbraidongg@cyberchimps.com,Female,89.203.243.29
594,Anna,Ransom,aransomgh@upenn.edu,Female,92.65.112.234
595,Rhiamon,Patkin,rpatkingi@wufoo.com,Female,244.4.114.103
596,Rockey,Jukubczak,rjukubczakgj@time.com,Male,75.101.102.110
597,Rasla,Peffer,rpeffergk@va.gov,Female,217.147.39.28
598,Celisse,Belfitt,cbelfittgl@washingtonpost.com,Female,98.142.114.120
599,Howard,Darcy,hdarcygm@comcast.net,Male,118.148.118.235
600,Addi,Pickrell,apickrellgn@narod.ru,Female,158.232.224.75
601,Dallon,Zuanelli,dzuanelligo@wisc.edu,Male,83.47.144.160
602,Brandise,Daenen,bdaenengp@ovh.net,Female,0.164.234.177
603,Sofie,Trounce,strouncegq@mysql.com,Female,123.75.130.176
604,Zaria,Goldis,zgoldisgr@infoseek.co.jp,Female,192.112.171.48
605,Blane,Dutton,bduttongs@uiuc.edu,Male,177.196.145.91
606,Zorah,Joliffe,zjoliffegt@sciencedaily.com,Female,232.102.53.110
607,Bartie,Brookes,bbrookesgu@goo.gl,Male,6.74.38.10
608,Avrom,Rosenshine,arosenshinegv@foxnews.com,Male,56.125.246.38
609,Bartholomew,Avraham,bavrahamgw@bravesites.com,Male,181.111.158.110
610,Delphinia,Merritt,dmerrittgx@macromedia.com,Female,3.236.245.172
611,Nikkie,Cobb,ncobbgy@rediff.com,Female,29.210.184.253
612,Daloris,Prandi,dprandigz@altervista.org,Female,20.130.190.252
613,Adelheid,Darte,adarteh0@blogtalkradio.com,Female,121.150.253.104
614,Niko,Cauthra,ncauthrah1@upenn.edu,Male,105.214.13.112
615,Nickolas,Earie,nearieh2@ehow.com,Male,105.112.206.248
616,Izzy,Sagar,isagarh3@google.de,Male,2.130.137.50
617,Clem,Onyon,conyonh4@cyberchimps.com,Female,25.53.100.110
618,Shanan,Chadd,schaddh5@jiathis.com,Male,51.98.48.34
619,Franny,Hunnaball,fhunnaballh6@intel.com,Male,240.126.179.23
620,Pru,Thoresby,pthoresbyh7@liveinternet.ru,Female,121.102.88.209
621,Georgianne,O'Rourke,gorourkeh8@fda.gov,Female,53.98.7.236
622,Angil,Bubbear,abubbearh9@who.int,Female,253.191.32.31
623,Malvin,Bugge,mbuggeha@google.co.uk,Male,43.11.248.147
624,Adah,Sarfati,asarfatihb@scientificamerican.com,Female,223.170.136.150
625,Bobby,Petrusch,bpetruschhc@desdev.cn,Male,65.220.173.160
626,Danica,Nairn,dnairnhd@joomla.org,Female,78.233.57.202
627,Mark,Schimek,mschimekhe@example.com,Male,90.2.122.112
628,Junette,Quincee,jquinceehf@fema.gov,Female,158.245.11.200
629,Elset,Brito,ebritohg@360.cn,Female,41.195.119.154
630,Kort,McConway,kmcconwayhh@ed.gov,Male,31.254.23.79
631,Clifford,Asel,caselhi@china.com.cn,Male,156.133.188.17
632,Rolf,Good,rgoodhj@trellian.com,Male,97.201.104.122
633,Frazier,Richter,frichterhk@technorati.com,Male,82.103.96.148
634,Ellsworth,Sandison,esandisonhl@artisteer.com,Male,233.214.246.73
635,Laney,O'Rourke,lorourkehm@is.gd,Male,207.106.38.64
636,Judi,Bourdis,jbourdishn@discuz.net,Female,179.116.97.240
637,Theodosia,Wraighte,twraighteho@rediff.com,Female,22.178.102.86
638,Brooks,Antognozzii,bantognozziihp@1688.com,Male,230.122.188.147
639,Whitney,Halsho,whalshohq@microsoft.com,Female,193.46.54.206
640,Ody,Billing,obillinghr@discuz.net,Male,146.220.71.71
641,Sheree,Vieyra,svieyrahs@dell.com,Female,125.99.31.194
642,Fredric,Saunt,fsauntht@theglobeandmail.com,Male,90.76.2.65
643,Gael,Chapelhow,gchapelhowhu@istockphoto.com,Female,192.214.243.183
644,Joly,Keinrat,jkeinrathv@yellowbook.com,Female,84.81.176.50
645,Maximilien,Niblo,mniblohw@dmoz.org,Male,234.249.60.223
646,Chrissy,Oty,cotyhx@google.ru,Male,199.92.208.121
647,Dayle,Teanby,dteanbyhy@amazon.com,Female,125.253.83.176
648,Emmery,Howick,ehowickhz@bbb.org,Male,16.132.5.242
649,Gretna,Ashmore,gashmorei0@uiuc.edu,Female,136.156.52.66
650,Juli,Henker,jhenkeri1@dedecms.com,Female,243.61.46.22
651,Willabella,Fronzek,wfronzeki2@bloglovin.com,Female,115.109.59.80
652,Allix,Gilley,agilleyi3@etsy.com,Female,162.144.147.207
653,Barris,Scowcraft,bscowcrafti4@macromedia.com,Male,79.178.206.103
654,Obed,Alvar,oalvari5@smh.com.au,Male,78.248.159.242
655,Curry,MacGibbon,cmacgibboni6@constantcontact.com,Male,47.232.111.230
656,Lacie,Grigoroni,lgrigoronii7@disqus.com,Female,149.219.248.60
657,Emelen,Crozier,ecrozieri8@sakura.ne.jp,Male,54.228.225.12
658,Konstance,Luckin,kluckini9@reddit.com,Female,227.42.46.29
659,Deanna,Walworth,dwalworthia@umich.edu,Female,115.120.62.9
660,Vicky,Posselwhite,vposselwhiteib@senate.gov,Female,11.118.23.204
661,Tildie,Buncombe,tbuncombeic@auda.org.au,Female,79.127.8.77
662,Fifine,Glass,fglassid@indiatimes.com,Female,233.149.66.244
663,Towny,De Andreis,tdeandreisie@china.com.cn,Male,49.86.180.41
664,Manuel,Fountain,mfountainif@goo.ne.jp,Male,161.188.211.49
665,Lonni,Kybird,lkybirdig@nba.com,Female,63.132.202.120
666,Aggi,Dabbes,adabbesih@mapquest.com,Female,122.249.224.134
667,Tori,Rutgers,trutgersii@github.io,Female,128.200.211.189
668,Darby,Hawkridge,dhawkridgeij@apple.com,Female,16.208.237.177
669,Meggy,Pashby,mpashbyik@oracle.com,Female,126.207.18.16
670,Othilie,Bateman,obatemanil@cloudflare.com,Female,185.207.230.183
671,Stanley,Bavister,sbavisterim@flavors.me,Male,129.89.121.139
672,Mattheus,Columbine,mcolumbinein@mashable.com,Male,34.129.81.254
673,Torrey,Butters,tbuttersio@mayoclinic.com,Male,144.241.58.137
674,Layton,Dewicke,ldewickeip@amazon.com,Male,250.22.225.194
675,Gilli,Fireman,gfiremaniq@elegantthemes.com,Female,190.184.40.194
676,Jessalin,Kynder,jkynderir@nhs.uk,Female,106.173.231.14
677,Archibaldo,Burnside,aburnsideis@exblog.jp,Male,139.174.159.113
678,Stu,Doni,sdoniit@icq.com,Male,56.202.29.192
679,Tildy,Liquorish,tliquorishiu@toplist.cz,Female,194.109.92.98
680,Giulietta,Kharchinski,gkharchinskiiv@ucsd.edu,Female,186.25.114.86
681,Fremont,Scanterbury,fscanterburyiw@fotki.com,Male,0.184.57.176
682,Ludvig,Gotfrey,lgotfreyix@ox.ac.uk,Male,243.162.114.94
683,Lavina,Vasser,lvasseriy@php.net,Female,236.43.132.22
684,Ximenez,Broodes,xbroodesiz@yandex.ru,Male,50.229.230.25
685,Keslie,Kem,kkemj0@slashdot.org,Female,21.58.65.182
686,Astrix,Chrisp,achrispj1@wikimedia.org,Female,158.95.109.220
687,Fitz,Dawber,fdawberj2@flavors.me,Male,252.89.3.162
688,Nessie,Lindenblatt,nlindenblattj3@hatena.ne.jp,Female,203.136.251.208
689,Myrah,Ormes,mormesj4@delicious.com,Female,130.64.15.38
690,Benedict,Dimbleby,bdimblebyj5@hexun.com,Male,227.116.213.6
691,Tadeo,Duignan,tduignanj6@twitter.com,Male,123.63.18.152
692,Phaidra,Cockton,pcocktonj7@sohu.com,Female,243.221.76.208
693,Guthrie,Mattiazzi,gmattiazzij8@gizmodo.com,Male,33.19.182.97
694,Wilbert,Madelin,wmadelinj9@simplemachines.org,Male,108.110.199.220
695,Artur,Fowle,afowleja@ameblo.jp,Male,211.161.43.32
696,Sebastien,Bowcher,sbowcherjb@jigsy.com,Male,88.116.210.10
697,Cord,Tuffrey,ctuffreyjc@noaa.gov,Male,24.251.201.206
698,Gilberto,Corselles,gcorsellesjd@ovh.net,Male,225.46.39.214
699,Craggy,Pigott,cpigottje@miibeian.gov.cn,Male,182.73.216.27
700,Tyler,Blowfelde,tblowfeldejf@accuweather.com,Male,209.217.146.19
701,Farr,Hembry,fhembryjg@princeton.edu,Male,250.15.234.108
702,Rosy,Walas,rwalasjh@posterous.com,Female,72.148.235.97
703,Jenda,Boules,jboulesji@gmpg.org,Female,127.64.190.254
704,Madel,Taye,mtayejj@earthlink.net,Female,22.210.148.213
705,Ruben,Millbank,rmillbankjk@kickstarter.com,Male,141.11.5.178
706,Casi,Deans,cdeansjl@icq.com,Female,79.194.60.80
707,Elladine,Dearden,edeardenjm@ihg.com,Female,155.11.193.30
708,Ealasaid,Cabera,ecaberajn@cpanel.net,Female,59.86.229.153
709,Willdon,Brightie,wbrightiejo@behance.net,Male,200.75.65.138
710,Hughie,Coath,hcoathjp@technorati.com,Male,209.0.62.70
711,Giorgi,McNirlan,gmcnirlanjq@goo.gl,Male,185.9.42.133
712,Vince,Borthwick,vborthwickjr@gnu.org,Male,29.231.18.49
713,Krystyna,Evershed,kevershedjs@squidoo.com,Female,46.156.196.116
714,Arliene,Adrien,aadrienjt@dropbox.com,Female,205.211.155.91
715,Lorelle,Glenn,lglennju@usgs.gov,Female,109.93.2.219
716,Maury,Kohnen,mkohnenjv@blogtalkradio.com,Male,216.123.168.5
717,Mercedes,Zorzutti,mzorzuttijw@1und1.de,Female,153.62.249.156
718,Theodor,Magne,tmagnejx@weebly.com,Male,72.9.224.20
719,Doreen,Tavener,dtavenerjy@imageshack.us,Female,134.212.185.93
720,Kay,Gamon,kgamonjz@phpbb.com,Female,110.117.111.200
721,Haydon,Lisciandro,hlisciandrok0@oaic.gov.au,Male,158.53.125.89
722,Charline,Markussen,cmarkussenk1@prlog.org,Female,58.170.135.66
723,Bret,Varne,bvarnek2@xinhuanet.com,Male,67.28.192.71
724,Brittaney,Dobbs,bdobbsk3@macromedia.com,Female,27.198.126.13
725,Marylynne,Poulney,mpoulneyk4@reddit.com,Female,174.148.131.3
726,Muffin,Fay,mfayk5@fastcompany.com,Male,45.49.157.209
727,Lesly,Slaight,lslaightk6@netlog.com,Female,60.119.92.20
728,Jecho,Liddyard,jliddyardk7@google.cn,Male,110.179.152.94
729,Hannis,Immins,himminsk8@naver.com,Female,254.113.73.63
730,Holly,Stranieri,hstranierik9@hatena.ne.jp,Male,38.106.91.224
731,Nester,Kleinert,nkleinertka@posterous.com,Male,178.84.147.38
732,Deedee,Swatridge,dswatridgekb@exblog.jp,Female,15.114.134.157
733,Charmion,Bau,cbaukc@deviantart.com,Female,76.2.85.217
734,Jesse,Blanche,jblanchekd@examiner.com,Female,144.172.38.156
735,Eliza,Ketcher,eketcherke@yolasite.com,Female,128.193.81.168
736,Katinka,Amesbury,kamesburykf@youtu.be,Female,163.31.87.142
737,Cam,Hanes,chaneskg@eventbrite.com,Male,43.47.250.9
738,Cybill,Stolli,cstollikh@army.mil,Female,238.61.233.105
739,Buckie,Andrioni,bandrioniki@drupal.org,Male,87.153.33.152
740,Collete,Cristou,ccristoukj@unblog.fr,Female,226.152.143.138
741,Henrik,Gyppes,hgyppeskk@issuu.com,Male,164.81.16.168
742,Nessie,Gilling,ngillingkl@arizona.edu,Female,227.196.206.92
743,Gwennie,Brewin,gbrewinkm@cocolog-nifty.com,Female,218.118.242.119
744,Thatcher,Beckwith,tbeckwithkn@xing.com,Male,238.32.98.65
745,Allister,Musterd,amusterdko@tiny.cc,Male,99.212.239.81
746,Cilka,Tocher,ctocherkp@jimdo.com,Female,221.156.127.169
747,Tannie,Eberlein,teberleinkq@ask.com,Male,219.135.242.251
748,Leroy,Barkes,lbarkeskr@gnu.org,Male,181.140.227.67
749,Alisander,Allerton,aallertonks@acquirethisname.com,Male,154.99.191.185
750,Shepperd,Gude,sgudekt@hhs.gov,Male,113.152.212.226
751,Aloisia,Coe,acoeku@cnbc.com,Female,100.27.238.85
752,Farlie,Gear,fgearkv@last.fm,Male,36.190.1.150
753,Reeva,Pesticcio,rpesticciokw@jimdo.com,Female,251.55.102.66
754,Geno,Luxmoore,gluxmoorekx@vk.com,Male,82.163.54.195
755,Sollie,Byrnes,sbyrnesky@dagondesign.com,Male,85.98.91.192
756,Goober,Titchard,gtitchardkz@pinterest.com,Male,46.244.110.236
757,Rene,Saffe,rsaffel0@exblog.jp,Male,45.109.72.119
758,Julie,Glasner,jglasnerl1@xrea.com,Female,24.12.245.162
759,Garald,Willcott,gwillcottl2@answers.com,Male,69.8.87.169
760,Aggi,Hanscom,ahanscoml3@geocities.com,Female,144.59.137.172
761,Bernard,Drever,bdreverl4@state.gov,Male,64.214.164.196
762,El,Dullard,edullardl5@omniture.com,Male,164.117.170.225
763,Claudina,Ramet,crametl6@sohu.com,Female,201.81.194.180
764,Geneva,Le Brun,glebrunl7@marriott.com,Female,241.206.157.209
765,Adelind,Lygo,alygol8@wordpress.org,Female,137.203.166.148
766,Xymenes,Mazillius,xmazilliusl9@bloomberg.com,Male,179.54.233.214
767,Andeee,Tipens,atipensla@behance.net,Female,66.120.160.110
768,Nady,Kuscha,nkuschalb@csmonitor.com,Female,222.163.93.122
769,Harman,Itzakson,hitzaksonlc@google.co.jp,Male,188.238.165.154
770,Granthem,Rubroe,grubroeld@slate.com,Male,124.108.79.19
771,Ali,Tesdale,atesdalele@eepurl.com,Female,58.253.227.190
772,Huntington,Pringle,hpringlelf@mit.edu,Male,71.14.22.36
773,Ddene,Llewellen,dllewellenlg@macromedia.com,Female,197.138.206.236
774,Maximo,Maris,mmarislh@blinklist.com,Male,185.31.121.83
775,Fernanda,Snufflebottom,fsnufflebottomli@xinhuanet.com,Female,94.251.236.19
776,Carina,Dossett,cdossettlj@oaic.gov.au,Female,16.6.87.137
777,Renard,Gavrieli,rgavrielilk@dailymotion.com,Male,133.40.138.41
778,Maddy,Hanniger,mhannigerll@statcounter.com,Male,113.176.0.155
779,Dyna,Simonnot,dsimonnotlm@google.nl,Female,111.112.168.204
780,Corinna,MacGall,cmacgallln@google.es,Female,225.25.18.221
781,Cam,Reynold,creynoldlo@umn.edu,Male,245.187.241.241
782,Hailee,Marlow,hmarlowlp@de.vu,Female,145.226.72.180
783,Zia,Dawks,zdawkslq@naver.com,Female,207.236.46.2
784,Starlene,Cancellor,scancellorlr@phpbb.com,Female,206.67.156.252
785,Rufe,Huckle,rhucklels@google.com.au,Male,36.246.11.230
786,Nefen,Clorley,nclorleylt@google.fr,Male,105.19.94.149
787,Gloriane,Symms,gsymmslu@deliciousdays.com,Female,29.108.81.181
788,Durward,Munn,dmunnlv@epa.gov,Male,248.88.42.228
789,Fran,Brew,fbrewlw@arizona.edu,Female,23.48.66.115
790,Heidi,Niblock,hniblocklx@foxnews.com,Female,246.131.224.47
791,Irvine,Nathan,inathanly@1688.com,Male,138.129.52.172
792,Saunderson,Berrisford,sberrisfordlz@rambler.ru,Male,188.196.42.114
793,Godiva,Tenny,gtennym0@sbwire.com,Female,127.185.170.118
794,Claire,Roelofsen,croelofsenm1@unblog.fr,Female,78.133.20.123
795,Mendy,Carling,mcarlingm2@netvibes.com,Male,59.130.246.97
796,Theobald,Tully,ttullym3@g.co,Male,73.217.19.245
797,Mona,Winney,mwinneym4@bloglovin.com,Female,110.64.179.59
798,Arel,Hendin,ahendinm5@hugedomains.com,Male,74.113.154.87
799,Darwin,Middlemist,dmiddlemistm6@oakley.com,Male,102.171.202.132
800,Corinne,Cadden,ccaddenm7@cnbc.com,Female,178.33.129.128
801,Gordie,Dinis,gdinism8@google.de,Male,23.81.133.17
802,Bartolomeo,O'Halleghane,bohalleghanem9@arstechnica.com,Male,238.175.90.205
803,Teodorico,Spiteri,tspiterima@edublogs.org,Male,45.156.35.222
804,Armand,Meach,ameachmb@purevolume.com,Male,216.202.211.64
805,Darius,Slatcher,dslatchermc@yolasite.com,Male,2.28.252.132
806,Carol-jean,Mielnik,cmielnikmd@google.ru,Female,46.148.209.55
807,Sauveur,Muffen,smuffenme@utexas.edu,Male,147.195.18.47
808,Benjy,Dunnan,bdunnanmf@nytimes.com,Male,116.16.125.200
809,Valerye,Seleway,vselewaymg@sfgate.com,Female,23.226.106.146
810,Amelita,Mandel,amandelmh@eepurl.com,Female,104.30.13.120
811,Patience,Crampsey,pcrampseymi@exblog.jp,Female,90.100.93.5
812,Josey,Helks,jhelksmj@oracle.com,Female,204.232.32.69
813,Aarika,Hymer,ahymermk@toplist.cz,Female,198.208.165.248
814,Mallissa,Durrad,mdurradml@springer.com,Female,85.189.160.248
815,Ashlen,Isworth,aisworthmm@tripadvisor.com,Female,13.76.34.44
816,Cash,Holmyard,cholmyardmn@biblegateway.com,Male,119.134.210.113
817,Ursala,Wilne,uwilnemo@furl.net,Female,124.134.248.104
818,Tonia,Deinhardt,tdeinhardtmp@php.net,Female,20.6.2.136
819,Kalie,Yoseloff,kyoseloffmq@nyu.edu,Female,249.53.36.122
820,Lory,Bocke,lbockemr@wired.com,Female,239.230.204.54
821,Brianna,Leftwich,bleftwichms@ning.com,Female,71.44.179.196
822,Sharon,Godden,sgoddenmt@samsung.com,Female,52.8.121.105
823,Corabel,Brazenor,cbrazenormu@ebay.com,Female,131.188.37.22
824,Janelle,Rothera,jrotheramv@flavors.me,Female,224.236.147.16
825,Andree,Garvan,agarvanmw@mayoclinic.com,Female,203.54.70.0
826,Monte,Bubbings,mbubbingsmx@ycombinator.com,Male,4.181.129.225
827,Gavin,D'Ambrogi,gdambrogimy@un.org,Male,185.119.120.171
828,Glenn,Szymanowicz,gszymanowiczmz@zdnet.com,Male,225.79.188.116
829,Betsey,Dobrowolski,bdobrowolskin0@sphinn.com,Female,165.21.147.194
830,Karlene,Gatlin,kgatlinn1@scientificamerican.com,Female,143.71.164.87
831,Alvin,Trickey,atrickeyn2@wikimedia.org,Male,210.196.185.244
832,Sharla,Exell,sexelln3@godaddy.com,Female,140.17.2.97
833,Merrill,Huc,mhucn4@domainmarket.com,Male,249.238.11.91
834,Lewiss,Farloe,lfarloen5@oakley.com,Male,172.25.175.153
835,Nerta,Trevna,ntrevnan6@house.gov,Female,100.204.146.235
836,Jakob,Mishaw,jmishawn7@xrea.com,Male,30.4.141.133
837,Sile,Mucklo,smucklon8@bizjournals.com,Female,195.172.116.87
838,Nixie,Ewington,newingtonn9@oracle.com,Female,214.142.11.3
839,Emmi,Bingall,ebingallna@latimes.com,Female,180.230.151.158
840,Myrtie,Streetfield,mstreetfieldnb@timesonline.co.uk,Female,173.165.139.7
841,Carr,Pohls,cpohlsnc@google.it,Male,81.224.170.213
842,Shelby,Camois,scamoisnd@eepurl.com,Female,42.225.158.209
843,Herve,Dancey,hdanceyne@npr.org,Male,158.178.208.108
844,Gabriell,Moodie,gmoodienf@webeden.co.uk,Female,122.58.50.242
845,Job,Greep,jgreepng@google.it,Male,126.103.219.224
846,Kermy,Kunc,kkuncnh@surveymonkey.com,Male,186.160.249.164
847,Gabi,Ohm,gohmni@theglobeandmail.com,Female,82.167.7.62
848,Mason,Mease,mmeasenj@opensource.org,Male,216.158.105.69
849,Bartolemo,Steer,bsteernk@arizona.edu,Male,1.164.139.83
850,Alidia,Tossell,atossellnl@yahoo.com,Female,99.169.123.124
851,Johannah,McKern,jmckernnm@google.nl,Female,49.43.40.239
852,Brady,Christofle,bchristoflenn@noaa.gov,Male,169.191.77.21
853,Bail,O'Lyhane,bolyhaneno@facebook.com,Male,62.110.8.150
854,Obed,Neilus,oneilusnp@cbc.ca,Male,92.201.50.240
855,Tedd,Mabone,tmabonenq@xing.com,Male,183.164.120.33
856,Cati,Oldred,coldrednr@about.me,Female,119.116.118.69
857,Liam,Moline,lmolinens@ihg.com,Male,147.32.248.4
858,Tobye,De Marchi,tdemarchint@time.com,Female,220.59.73.205
859,Teddy,Hamlett,thamlettnu@umich.edu,Female,210.147.21.155
860,Annabell,Mitchinson,amitchinsonnv@fema.gov,Female,171.173.244.71
861,Alaric,MacPhee,amacpheenw@comcast.net,Male,181.0.132.21
862,Ole,Coots,ocootsnx@npr.org,Male,228.177.157.76
863,Laryssa,Danhel,ldanhelny@cloudflare.com,Female,188.113.53.209
864,Faulkner,Machen,fmachennz@icio.us,Male,248.199.24.163
865,Katrinka,Astman,kastmano0@networksolutions.com,Female,211.129.227.102
866,Ottilie,Bernth,oberntho1@biglobe.ne.jp,Female,255.166.36.61
867,Goldy,Ert,gerto2@disqus.com,Female,196.59.176.18
868,Pepillo,Danbye,pdanbyeo3@arizona.edu,Male,177.22.29.196
869,Barrett,Kubec,bkubeco4@jiathis.com,Male,38.245.193.237
870,Kissee,Antonomolii,kantonomoliio5@youku.com,Female,247.215.209.74
871,Felic,Woollends,fwoollendso6@taobao.com,Male,130.138.188.122
872,Horten,Partrick,hpartricko7@prnewswire.com,Male,159.167.173.8
873,Raddy,Foley,rfoleyo8@harvard.edu,Male,77.3.179.220
874,Algernon,Vanderson,avandersono9@nsw.gov.au,Male,212.147.228.253
875,Noach,Dance,ndanceoa@nymag.com,Male,4.234.197.141
876,Loren,Brisse,lbrisseob@123-reg.co.uk,Male,243.130.225.170
877,Emylee,Hastewell,ehastewelloc@gov.uk,Female,53.175.144.21
878,Westbrook,Cona,wconaod@ebay.co.uk,Male,182.131.171.188
879,Erma,Gregs,egregsoe@blog.com,Female,241.118.193.226
880,Arlyn,Willman,awillmanof@aol.com,Female,10.49.94.187
881,Jodi,Stoile,jstoileog@mediafire.com,Male,93.70.130.37
882,Kessia,Merryweather,kmerryweatheroh@marketwatch.com,Female,221.163.196.186
883,Dur,Calvard,dcalvardoi@flickr.com,Male,89.21.162.142
884,Gerrie,Blowick,gblowickoj@parallels.com,Male,136.150.123.114
885,Duke,Anderton,dandertonok@wunderground.com,Male,39.113.148.153
886,Kanya,Siege,ksiegeol@guardian.co.uk,Female,25.48.45.163
887,Cosmo,Syfax,csyfaxom@macromedia.com,Male,237.2.45.172
888,Sterling,Trusler,strusleron@telegraph.co.uk,Male,183.51.253.104
889,Michal,Fishly,mfishlyoo@hp.com,Female,116.5.42.67
890,Benjy,Travis,btravisop@dropbox.com,Male,184.85.135.49
891,Charles,Whacket,cwhacketoq@spotify.com,Male,37.214.77.17
892,Constanta,Janowski,cjanowskior@sbwire.com,Female,170.93.154.92
893,Israel,Moss,imossos@godaddy.com,Male,58.230.238.237
894,Demeter,Sinkins,dsinkinsot@eventbrite.com,Female,197.221.248.164
895,Dorise,Shapter,dshapterou@ucla.edu,Female,1.108.42.2
896,Vachel,Chillcot,vchillcotov@a8.net,Male,128.13.183.228
897,Ermengarde,Schenkel,eschenkelow@smh.com.au,Female,214.119.52.176
898,Alberto,Got,agotox@de.vu,Male,22.35.60.79
899,Lauree,Denizet,ldenizetoy@nhs.uk,Female,112.210.203.62
900,Holly-anne,Bickmore,hbickmoreoz@jiathis.com,Female,182.102.239.166
901,Ivan,Mulder,imulderp0@marketwatch.com,Male,231.24.158.101
902,Sayre,Spofforth,sspofforthp1@alexa.com,Male,221.210.223.112
903,Patrizius,Cramer,pcramerp2@e-recht24.de,Male,179.141.39.207
904,Melody,Douche,mdouchep3@businesswire.com,Female,250.105.36.224
905,Clarette,Crapper,ccrapperp4@examiner.com,Female,226.20.86.37
906,Jerry,Isenor,jisenorp5@nih.gov,Male,34.48.88.215
907,Eirena,Cosgrave,ecosgravep6@java.com,Female,40.204.30.166
908,Danika,Lamont,dlamontp7@oracle.com,Female,136.126.242.200
909,Yvon,Jermin,yjerminp8@arstechnica.com,Male,22.145.200.211
910,Aldric,Abramovicz,aabramoviczp9@seattletimes.com,Male,188.23.133.32
911,Ezri,Mathevon,emathevonpa@naver.com,Male,242.132.102.237
912,Malanie,Jelliman,mjellimanpb@unicef.org,Female,178.246.195.105
913,Robb,Grassett,rgrassettpc@123-reg.co.uk,Male,132.132.191.203
914,Alma,Maytom,amaytompd@nydailynews.com,Female,206.169.174.103
915,Loraine,Saffin,lsaffinpe@google.co.jp,Female,158.179.115.132
916,Perla,Mecozzi,pmecozzipf@csmonitor.com,Female,23.179.175.32
917,Lief,Meddows,lmeddowspg@shinystat.com,Male,16.105.154.93
918,Caron,Tuckerman,ctuckermanph@oaic.gov.au,Female,178.30.220.99
919,Mannie,Venney,mvenneypi@tmall.com,Male,158.75.171.234
920,Mord,Giacomi,mgiacomipj@hibu.com,Male,83.74.248.163
921,Richard,Conklin,rconklinpk@multiply.com,Male,253.140.83.66
922,Angus,Beddo,abeddopl@example.com,Male,178.64.157.223
923,Pepillo,Verma,pvermapm@psu.edu,Male,233.44.191.49
924,Silvio,Gudger,sgudgerpn@microsoft.com,Male,246.131.93.235
925,Lind,Kettle,lkettlepo@taobao.com,Male,220.160.100.232
926,Kimbell,Cowderay,kcowderaypp@netlog.com,Male,35.68.82.7
927,Janine,Rainford,jrainfordpq@hud.gov,Female,207.184.251.194
928,Claude,Moran,cmoranpr@dailymotion.com,Female,245.30.147.71
929,Camel,Markl,cmarklps@dedecms.com,Female,209.8.136.57
930,Ugo,Whitnall,uwhitnallpt@apache.org,Male,104.61.28.22
931,Lacee,Weatherall,lweatherallpu@cnn.com,Female,141.117.43.21
932,Gert,Orringe,gorringepv@storify.com,Female,41.199.67.50
933,Avrom,Enrrico,aenrricopw@prweb.com,Male,169.179.225.38
934,Colet,Sibbons,csibbonspx@oracle.com,Male,181.174.7.140
935,Bartlett,Masserel,bmasserelpy@live.com,Male,47.240.63.238
936,Juli,Rude,jrudepz@ow.ly,Female,157.193.154.127
937,Nessa,Ladell,nladellq0@photobucket.com,Female,236.122.62.151
938,Lorette,Chawkley,lchawkleyq1@fotki.com,Female,117.173.224.147
939,Meagan,Schneidau,mschneidauq2@google.it,Female,221.241.139.36
940,Ginger,Scritch,gscritchq3@github.com,Female,45.106.25.7
941,Rebecka,Patridge,rpatridgeq4@reverbnation.com,Female,212.163.251.247
942,Casar,Baudry,cbaudryq5@de.vu,Male,7.208.159.19
943,Jedidiah,Kapelhoff,jkapelhoffq6@noaa.gov,Male,116.4.107.25
944,Sunshine,Sawney,ssawneyq7@lulu.com,Female,213.12.84.65
945,Sawyere,Hedden,sheddenq8@dell.com,Male,95.125.114.202
946,Blake,Karran,bkarranq9@reference.com,Male,240.195.87.133
947,Herbie,McKinnon,hmckinnonqa@ebay.co.uk,Male,56.30.71.62
948,Eddy,Cotterill,ecotterillqb@cnbc.com,Male,26.234.187.93
949,Bourke,Norcop,bnorcopqc@exblog.jp,Male,178.241.170.13
950,Janek,Zannotti,jzannottiqd@seattletimes.com,Male,82.57.113.19
951,Guthrey,Tolefree,gtolefreeqe@gmpg.org,Male,140.197.1.29
952,Raimund,Cory,rcoryqf@globo.com,Male,108.115.144.204
953,Sanford,Hanster,shansterqg@nydailynews.com,Male,95.81.39.19
954,Theo,Getten,tgettenqh@wunderground.com,Male,233.149.245.117
955,Byrann,Mallabon,bmallabonqi@shop-pro.jp,Male,208.74.97.140
956,Gleda,Siggery,gsiggeryqj@umich.edu,Female,49.3.192.53
957,Wyatan,O'Flaverty,woflavertyqk@dailymotion.com,Male,85.2.251.2
958,Cathe,Beauvais,cbeauvaisql@miitbeian.gov.cn,Female,118.250.248.71
959,Emelia,Thornebarrow,ethornebarrowqm@spotify.com,Female,81.100.204.85
960,Craig,Beebe,cbeebeqn@alexa.com,Male,87.92.200.20
961,Kippie,Mabone,kmaboneqo@thetimes.co.uk,Male,237.143.19.173
962,Brooke,Rathbourne,brathbourneqp@princeton.edu,Male,225.181.43.40
963,Molli,Mullender,mmullenderqq@cisco.com,Female,211.71.77.22
964,Joelle,Rojel,jrojelqr@wiley.com,Female,165.30.253.143
965,Leonelle,Maus,lmausqs@trellian.com,Female,200.146.83.1
966,Wain,Huygens,whuygensqt@abc.net.au,Male,174.224.16.187
967,Ethelred,Alldre,ealldrequ@mozilla.com,Male,130.77.50.17
968,Ogden,Iskowitz,oiskowitzqv@cisco.com,Male,142.173.23.134
969,Loralie,Brine,lbrineqw@studiopress.com,Female,233.218.215.134
970,Sidonia,Balhatchet,sbalhatchetqx@technorati.com,Female,108.172.147.49
971,Carolus,Mertin,cmertinqy@economist.com,Male,235.124.243.63
972,Tove,Treneer,ttreneerqz@reddit.com,Female,228.92.120.225
973,Meara,Flett,mflettr0@spiegel.de,Female,23.179.164.212
974,Jodie,Clougher,jclougherr1@cnet.com,Female,164.26.197.115
975,Francesca,Tann,ftannr2@about.me,Female,226.210.59.189
976,Beverlee,Dolling,bdollingr3@smugmug.com,Female,22.214.78.209
977,Neville,Diffley,ndiffleyr4@narod.ru,Male,8.183.206.159
978,Isadore,Korejs,ikorejsr5@seesaa.net,Male,83.175.11.13
979,Lodovico,Essame,lessamer6@nhs.uk,Male,119.180.113.119
980,Eduardo,Edgcumbe,eedgcumber7@google.nl,Male,59.224.95.152
981,Rudyard,Clemerson,rclemersonr8@nydailynews.com,Male,4.246.237.203
982,Rosalinda,Jehu,rjehur9@bloglovin.com,Female,184.216.90.155
983,Brianna,Lewcock,blewcockra@youtu.be,Female,117.251.243.219
984,Jacky,Dettmar,jdettmarrb@kickstarter.com,Male,169.52.211.205
985,Nixie,Symons,nsymonsrc@squarespace.com,Female,13.254.103.233
986,Emmett,Lydford,elydfordrd@upenn.edu,Male,253.24.76.95
987,Roobbie,Gerbl,rgerblre@is.gd,Female,72.23.58.190
988,Shanie,Sanchiz,ssanchizrf@barnesandnoble.com,Female,67.189.100.223
989,Moria,Kinnear,mkinnearrg@upenn.edu,Female,167.169.212.115
990,Corette,Yurukhin,cyurukhinrh@squidoo.com,Female,119.55.174.193
991,Theda,Livesley,tlivesleyri@aol.com,Female,237.19.233.248
992,Perri,Limmer,plimmerrj@wix.com,Female,66.156.146.71
993,Dotty,Gatherell,dgatherellrk@webeden.co.uk,Female,88.57.3.122
994,Domini,Pavel,dpavelrl@msu.edu,Female,144.87.77.65
995,Reid,Stickney,rstickneyrm@liveinternet.ru,Male,150.8.179.1
996,Giselle,Weed,gweedrn@pcworld.com,Female,33.180.36.106
997,Aigneis,Ferenczy,aferenczyro@cam.ac.uk,Female,58.61.234.83
998,Dorri,Keenan,dkeenanrp@twitter.com,Female,240.66.53.218
999,Tully,Leversha,tleversharq@ameblo.jp,Male,103.78.71.38
1000,Caleb,Dawdary,cdawdaryrr@jugem.jp,Male,204.221.136.139
